Index,URL
1,https://www.allbeauty.com/calvin-klein-eternity-for-women-eau-de-parfum-30ml/10002613.html
1,https://www.allbeauty.com/clinique-happy-perfume-spray-30ml-1-fl-oz/10002617.html
1,https://www.allbeauty.com/david-beckham-instinct-eau-de-toilette-75ml/10002619.html
1,https://www.allbeauty.com/david-beckham-intimately-beckham-for-him-eau-de-toilette-spray-75ml/10002620.html
1,https://www.allbeauty.com/armani-code-pour-femme-eau-de-parfum-spray-30ml/10002628.html
1,https://www.allbeauty.com/armani-diamonds-eau-de-parfum-spray-50ml/10002631.html
1,https://www.allbeauty.com/hugo-boss-hugo-deep-red-eau-de-parfum-90ml/10002646.html
1,https://www.allbeauty.com/hugo-boss-hugo-man-eau-de-toilette-40ml/10002648.html
1,https://www.allbeauty.com/joop-homme-aftershave-splash-75ml/10002651.html
1,https://www.allbeauty.com/juicy-couture-juicy-couture-eau-de-parfum-spray-50ml/10002885.html
1,https://www.allbeauty.com/juicy-couture-juicy-couture-eau-de-parfum-spray-100ml/10002886.html
1,https://www.allbeauty.com/marc-jacobs-daisy-eau-de-toilette-50ml/10021704.html
1,https://www.allbeauty.com/jean-paul-gaultier-le-male-eau-de-toilette-spray-75ml/10021723.html
1,https://www.allbeauty.com/elizabeth-arden-moisturisers-eight-hour-skin-protectant-cream-50g-1-7-oz/10026014.html
1,https://www.allbeauty.com/tigi-bed-head-texturizing-wax-stick-a-hair-stick-for-cool-people-73g/10026074.html
1,https://www.allbeauty.com/cacharel-anais-anais-loriginal-eau-de-toilette-spray-100ml/10026122.html
1,https://www.allbeauty.com/cacharel-noa-eau-de-toilette-spray-50ml/10026130.html
1,https://www.allbeauty.com/cacharel-noa-eau-de-toilette-spray-100ml/10026131.html
1,https://www.allbeauty.com/calvin-klein-eternity-for-men-eau-de-toilette-30ml/10026137.html
1,https://www.allbeauty.com/clinique-aromatics-elixir-eau-de-parfum-spray-25ml-0-85-fl-oz/10026161.html
1,https://www.allbeauty.com/clinique-aromatics-elixir-eau-de-parfum-spray-45ml-1-5-fl-oz/10026162.html
1,https://www.allbeauty.com/diesel-fuel-for-life-her-eau-de-parfum-spray-50ml/10026198.html
1,https://www.allbeauty.com/elizabeth-arden-red-door-eau-de-toilette-spray-50ml-1-7-fl-oz/10026225.html
1,https://www.allbeauty.com/elizabeth-arden-red-door-eau-de-toilette-spray-100ml-3-3-fl-oz/10026226.html
1,https://www.allbeauty.com/estee-lauder-beautiful-eau-de-parfum-spray-30ml/10026229.html
1,https://www.allbeauty.com/estee-lauder-pleasures-eau-de-parfum-spray-30ml/10026232.html
1,https://www.allbeauty.com/estee-lauder-white-linen-eau-de-parfum-spray-60ml/10026233.html
1,https://www.allbeauty.com/armani-code-pour-femme-eau-de-parfum-spray-50ml/10026247.html
1,https://www.allbeauty.com/armani-diamonds-for-men-eau-de-toilette-spray-50ml/10026250.html
1,https://www.allbeauty.com/ghost-the-fragrance-eau-de-toilette-spray-50ml/10026263.html
1,https://www.allbeauty.com/ralph-lauren-romance-for-women-eau-de-parfum-spray-50ml/10043745.html
1,https://www.allbeauty.com/clinique-happy-perfume-spray-50ml-1-7-fl-oz/10043792.html
1,https://www.allbeauty.com/cacharel-amor-amor-eau-de-toilette-spray-100ml/10043811.html
1,https://www.allbeauty.com/elizabeth-arden-blue-grass-eau-de-parfum-spray-100ml-3-3-fl-oz/10043874.html
1,https://www.allbeauty.com/versace-crystal-noir-eau-de-toilette-spray-90ml/10043883.html
1,https://www.allbeauty.com/versace-pour-homme-eau-de-toilette-spray-50ml/10043884.html
1,https://www.allbeauty.com/versace-pour-homme-eau-de-toilette-spray-30ml/10043885.html
1,https://www.allbeauty.com/hugo-boss-boss-bottled-eau-de-toilette-50ml/10043893.html
1,https://www.allbeauty.com/versace-man-eau-fraiche-eau-de-toilette-spray-30ml/10048618.html
1,https://www.allbeauty.com/versace-bright-crystal-eau-de-toilette-spray-50ml/10048625.html
1,https://www.allbeauty.com/clinique-happy-for-men-cologne-eau-de-toilette-spray-50ml-1-7-fl-oz/10049580.html
1,https://www.allbeauty.com/jaguar-classic-eau-de-toilette-spray-100ml/10049843.html
1,https://www.allbeauty.com/hugo-boss-boss-woman-eau-de-parfum-90ml/10076083.html
1,https://www.allbeauty.com/hugo-boss-hugo-dark-blue-eau-de-toilette-75ml/10076084.html
1,https://www.allbeauty.com/hugo-boss-boss-femme-eau-de-parfum-30ml/10076085.html
1,https://www.allbeauty.com/hugo-boss-boss-femme-eau-de-parfum-75ml/10076086.html
1,https://www.allbeauty.com/jean-paul-gaultier-le-male-eau-de-toilette-spray-125ml/10076089.html
1,https://www.allbeauty.com/issey-miyake-leau-dissey-pour-homme-intense-eau-de-toilette-spray-75ml/10076091.html
1,https://www.allbeauty.com/rabanne-ultraviolet-man-eau-de-toilette-100ml/10076095.html
1,https://www.allbeauty.com/carolina-herrera-212-men-nyc-eau-de-toilette-spray-50ml/10077791.html
1,https://www.allbeauty.com/diesel-only-the-brave-eau-de-toilette-spray-50ml/10077798.html
1,https://www.allbeauty.com/armani-code-pour-femme-eau-de-parfum-spray-75ml/10165510.html
1,https://www.allbeauty.com/armani-diamonds-eau-de-parfum-spray-100ml/10165513.html
1,https://www.allbeauty.com/korres-body-vanilla-cinnamon-shower-gel-250ml/10206817.html
1,https://www.allbeauty.com/carolina-herrera-212-nyc-eau-de-toilette-spray-60ml/10289063.html
1,https://www.allbeauty.com/acqua-di-parma-magnolia-nobile-eau-de-parfum-natural-spray-50ml/10301201.html
1,https://www.allbeauty.com/rabanne-lady-million-eau-de-parfum-30ml/10301226.html
1,https://www.allbeauty.com/paul-mitchell-smoothing-straight-works-smoothes-and-controls-200ml/10302119.html
1,https://www.allbeauty.com/sebastian-professional-volupt-spray-volume-building-spray-gel-150ml/10302153.html
1,https://www.allbeauty.com/wella-sp-repair-mask-200ml/10302155.html
1,https://www.allbeauty.com/moroccanoil-hydrating-styling-cream-300ml/10302166.html
1,https://www.allbeauty.com/bumble-and-bumble-seaweed-shampoo-250ml/10302193.html
1,https://www.allbeauty.com/philip-kingsley-styling-volumising-froth-root-lift-mousse-150ml/10302257.html
1,https://www.allbeauty.com/paul-mitchell-color-protect-locking-spray-250ml/10302405.html
1,https://www.allbeauty.com/paul-mitchell-firm-style-super-clean-sculpting-gel-200ml/10302455.html
1,https://www.allbeauty.com/kevin-murphy-style-motion-lotion-curl-enhancing-150ml/10302490.html
1,https://www.allbeauty.com/loccitane-lavender-foaming-bath-500ml/10302651.html
1,https://www.allbeauty.com/philip-kingsley-jet-set-nourish-volume-gift-set/10302652.html
1,https://www.allbeauty.com/bumble-and-bumble-surf-spray-125ml/10302655.html
1,https://www.allbeauty.com/philip-kingsley-conditioner-body-building-200ml/10302678.html
1,https://www.allbeauty.com/philip-kingsley-conditioner-moisture-balancing-200ml/10302718.html
1,https://www.allbeauty.com/philip-kingsley-conditioner-no-scent-no-colour-gentle-200ml/10302720.html
1,https://www.allbeauty.com/redken-all-soft-shampoo-for-dry-hair-intense-softness-and-shine-300ml/10302812.html
1,https://www.allbeauty.com/paul-mitchell-kids-baby-dont-cry-shampoo-500ml/10302817.html
1,https://www.allbeauty.com/kevin-murphy-treatment-staying-alive-leave-in-treatment-150ml/10302837.html
1,https://www.allbeauty.com/philip-kingsley-shampoo-flaky-itchy-scalp-anti-dandruff-250ml/10302904.html
1,https://www.allbeauty.com/redken-all-soft-conditioner-for-dry-hair-intense-softness-and-shine-300ml/10303200.html
1,https://www.allbeauty.com/philip-kingsley-treatments-elasticizer-extreme-rich-deep-conditioning-500ml/10303267.html
1,https://www.allbeauty.com/paul-mitchell-flexible-style-spray-wax-125ml/10303282.html
1,https://www.allbeauty.com/redken-hairspray-anti-frizz-hairspray/10303425.html
1,https://www.allbeauty.com/paul-mitchell-flexible-style-sculpting-foam-200ml/10303574.html
1,https://www.allbeauty.com/philip-kingsley-shampoo-no-scent-no-colour-250ml/10303601.html
1,https://www.allbeauty.com/redkenextreme-anti-snap-treatment-spray-for-damaged-hair-helps-prevent-breakage-250ml/10303794.html
1,https://www.allbeauty.com/paul-mitchell-moisture-awapuhi-moisture-mist-250ml/10303802.html
1,https://www.allbeauty.com/paul-mitchell-original-the-conditioner-300ml/10303816.html
1,https://www.allbeauty.com/paul-mitchell-firm-style-dry-wax-50g/10303893.html
1,https://www.allbeauty.com/kevin-murphy-wash-maxi-wash-detox-shampoo-250ml/10303973.html
1,https://www.allbeauty.com/paul-mitchell-moisture-instant-moisture-daily-treatment-200ml/10304035.html
1,https://www.allbeauty.com/redkenextreme-strength-builder-plus-mask-250ml/10304089.html
1,https://www.allbeauty.com/elemis-body-exotics-japanese-camellia-body-oil-blend-100ml-3-3-fl-oz/10304274.html
1,https://www.allbeauty.com/acqua-di-parma-magnolia-nobile-eau-de-parfum-natural-spray-100ml/10304391.html
1,https://www.allbeauty.com/paul-mitchell-original-awapuhi-shampoo-300ml/10304395.html
1,https://www.allbeauty.com/paul-mitchell-clarifying-shampoo-two-500ml/10304569.html
1,https://www.allbeauty.com/bumble-and-bumble-gentle-shampoo-250ml/10304666.html
1,https://www.allbeauty.com/paul-mitchell-firm-style-freeze-and-shine-super-spray-500ml/10304804.html
1,https://www.allbeauty.com/elemis-dynamic-resurfacing-night-cream-50ml-1-6-fl-oz/10304906.html
1,https://www.allbeauty.com/moroccanoil-restorative-hair-mask-250ml/10304990.html
1,https://www.allbeauty.com/kevin-murphy-style-fresh-hair-dry-shampoo-spray-250ml/10305016.html
1,https://www.allbeauty.com/paul-mitchell-tea-tree-lemon-sage-thickening-spray-200ml/10305117.html
1,https://www.allbeauty.com/bumble-and-bumble-sumo-sumotech-50ml/10305126.html
1,https://www.allbeauty.com/paul-mitchell-smoothing-super-skinny-relaxing-balm-200ml/10305173.html
1,https://www.allbeauty.com/paul-mitchell-smoothing-super-skinny-conditioner-salon-size-1000ml/10305299.html
1,https://www.allbeauty.com/bumble-and-bumble-seaweed-conditioner-250ml/10305460.html
1,https://www.allbeauty.com/tweezerman-brows-petite-tweeze-set-pink/10305522.html
1,https://www.allbeauty.com/paul-mitchell-flexible-style-hair-sculpting-lotion-250ml/10305529.html
1,https://www.allbeauty.com/philip-kingsley-styling-maximizer-root-boosting-spray-250ml/10305531.html
1,https://www.allbeauty.com/paul-mitchell-flexible-style-fast-drying-sculpting-spray-500ml/10305623.html
1,https://www.allbeauty.com/philip-kingsley-treatments-elasticizer-extreme-rich-deep-conditioning-150ml/10305647.html
1,https://www.allbeauty.com/paul-mitchell-kids-baby-dont-cry-shampoo-300ml/10305676.html
1,https://www.allbeauty.com/loccitane-shea-butter-foot-cream-150ml/10305798.html
1,https://www.allbeauty.com/philip-kingsley-treatments-elasticizer-150ml/10305894.html
1,https://www.allbeauty.com/redken-styling-root-lifter-300ml/10305924.html
1,https://www.allbeauty.com/elizabeth-arden-cleansers-toners-ceramide-purifying-toner-200ml-6-7-fl-oz/10305956.html
1,https://www.allbeauty.com/caudalie-face-beauty-elixir-100ml/10306472.html
1,https://www.allbeauty.com/skin-doctors-eyes-eyetuck-anti-bag-technology-15ml/10307532.html
1,https://www.allbeauty.com/tweezerman-brows-signature-red-slant-tweezer/10307537.html
1,https://www.allbeauty.com/skin-doctors-eyes-instant-eyelift-10ml/10307538.html
1,https://www.allbeauty.com/skin-doctors-face-instant-facelift-30ml/10307540.html
1,https://www.allbeauty.com/tweezerman-brows-mini-slant-tweezers-neon-pink/10307554.html
1,https://www.allbeauty.com/tweezerman-lashes-classic-lash-curler/10307565.html
1,https://www.allbeauty.com/skin-doctors-face-sd-white-bright-advanced-lightening-complex-50ml/10307573.html
1,https://www.allbeauty.com/tweezerman-brows-slant-tweezers-midnight-sky/10307574.html
1,https://www.allbeauty.com/skin-doctors-face-specific-facial-care-capillary-clear-50ml/10307586.html
1,https://www.allbeauty.com/skin-doctors-body-hair-no-more-inhibitor-spray-120ml/10307587.html
1,https://www.allbeauty.com/skin-doctors-body-hair-no-more-set/10307597.html
1,https://www.allbeauty.com/skin-doctors-body-vein-away-plus-100ml/10307605.html
1,https://www.allbeauty.com/skin-doctors-face-radiance-renew-overnight-multi-active-skin-resurfacing-cream-50ml/10307606.html
1,https://www.allbeauty.com/tweezerman-brows-mini-slant-tweezer-bahama-blue/10307613.html
1,https://www.allbeauty.com/acqua-di-parma-colonia-eau-de-cologne-natural-spray-100ml/10308051.html
1,https://www.allbeauty.com/elizabeth-arden-environmental-defense-eight-hour-cream-sun-defense-for-face-spf50-50ml-1-6-fl-oz/10359891.html
1,https://www.allbeauty.com/elizabeth-arden-body-care-eight-hour-cream-intensive-moisturising-hand-treatment-75ml-2-3-oz/10359898.html
1,https://www.allbeauty.com/decleor-aromessence-neroli-bigarade-essential-oil-serum-15ml/10360106.html
1,https://www.allbeauty.com/alterna-caviar-anti-aging-replenishing-moisture-conditioner-250ml/10360329.html
1,https://www.allbeauty.com/aramis-eau-de-toilette-spray-110ml/10360674.html
1,https://www.allbeauty.com/skin-doctors-body-ingrow-go-120ml/10360794.html
1,https://www.allbeauty.com/skin-doctors-face-antarctilyne-plump3-50ml/10360799.html
1,https://www.allbeauty.com/armani-diamonds-for-men-eau-de-toilette-spray-75ml/10360910.html
1,https://www.allbeauty.com/philip-kingsley-jet-set-body-volume-gift-set/10362107.html
1,https://www.allbeauty.com/guinot-tres-homme-gel-nettoyant-cleansing-gel-150ml-4-4-oz/10362303.html
1,https://www.allbeauty.com/tigi-bed-head-smoothing-frizz-control-and-shine-ego-boost-moisturising-leave-in-conditioner-237ml/10362434.html
1,https://www.allbeauty.com/biotherm-homme-48h-day-control-protection-antiperspirant-roll-on-75ml/10362449.html
1,https://www.allbeauty.com/guinot-nourishing-creme-nutri-confort-cream-nourishing-protective-cream-dry-skin-50ml-1-7-fl-oz/10362454.html
1,https://www.allbeauty.com/ren-clean-skincare-face-clearcalm-clarifying-clay-cleanser-150ml-5-1-fl-oz/10362527.html
1,https://www.allbeauty.com/elemis-pro-collagen-marine-mask-50ml-1-6-fl-oz/10362627.html
1,https://www.allbeauty.com/dermalogica-daily-skin-health-daily-microfoliant-74g/10362640.html
1,https://www.allbeauty.com/biotherm-homme-48h-day-control-protection-antipersirant-spray-150ml/10362839.html
1,https://www.allbeauty.com/dermalogica-age-smart-multivitamin-power-firm-15ml/10362905.html
1,https://www.allbeauty.com/dermalogica-daily-skin-health-precleanse-150ml/10363055.html
1,https://www.allbeauty.com/darphin-serums-hydraskin-intensive-skin-hydrating-serum-30ml/10363058.html
1,https://www.allbeauty.com/elemis-dynamic-resurfacing-gel-mask-50ml-1-6-fl-oz/10363224.html
1,https://www.allbeauty.com/biotherm-lait-corporel-lait-de-douche-cleansing-shower-milk-200ml/10363237.html
1,https://www.allbeauty.com/biotherm-biosource-softening-foaming-cleanser-for-dry-skin-150ml/10363326.html
1,https://www.allbeauty.com/guinot-nourishing-nutrizone-peux-seches-dry-skin-50ml-1-6-fl-oz/10363440.html
1,https://www.allbeauty.com/guinot-youth-longue-vie-youth-regeneration-care-cream-50ml-1-6-fl-oz/10363547.html
1,https://www.allbeauty.com/eve-lom-cleanse-cleanser-all-skin-types-200ml/10363611.html
1,https://www.allbeauty.com/biotherm-oil-therapy-baume-corps-nutri-replenishing-body-treatment-with-apricot-oil-400ml/10363648.html
1,https://www.allbeauty.com/clinique-happy-for-men-cologne-eau-de-toilette-spray-100ml-3-4-fl-oz/10363777.html
1,https://www.allbeauty.com/guinot-youth-and-firmness-body-care-creme-longue-vie-mains-hand-cream-75ml-2-2-fl-oz/10363787.html
1,https://www.allbeauty.com/clinique-mens-cream-shave-125ml-4-2-fl-oz/10363931.html
1,https://www.allbeauty.com/ren-clean-skincare-body-moroccan-rose-otto-sugar-body-polish-330ml-11-2-fl-oz/10363998.html
1,https://www.allbeauty.com/clinique-cleansers-and-makeup-removers-anti-blemish-solutions-clarifying-lotion-200ml-6-7-fl-oz/10363999.html
1,https://www.allbeauty.com/dermalogica-age-smart-multivitamin-thermafoliant-75ml/10364026.html
1,https://www.allbeauty.com/darphin-intral-soothing-cream-50ml/10364052.html
1,https://www.allbeauty.com/eve-lom-rescue-dynaspot-10ml/10364076.html
1,https://www.allbeauty.com/darphin-moisturisers-hydraskin-rich-cream-50ml/10364097.html
1,https://www.allbeauty.com/guinot-moisturising-creme-hydra-beaute-cream-50ml-1-7-fl-oz/10364313.html
1,https://www.allbeauty.com/guinot-make-up-removal-cleansing-lait-hydra-fraicheur-milk-200ml-5-9-oz/10364340.html
1,https://www.allbeauty.com/guinot-soothing-creme-hydra-sensitive-face-cream-50ml-1-7-oz/10364445.html
1,https://www.allbeauty.com/guinot-eyes-lips-and-neck-longue-vie-cou-firming-vital-neck-cream-30ml-0-88-oz/10364507.html
1,https://www.allbeauty.com/elemis-pro-collagen-marine-cream-anti-wrinkle-hydrating-day-cream-50ml-1-6-fl-oz/10364543.html
1,https://www.allbeauty.com/elemis-body-performance-aching-muscle-super-soak-400ml-13-5-fl-oz/10364683.html
1,https://www.allbeauty.com/elemis-body-exotics-frangipani-monoi-shower-cream-200ml-6-7-fl-oz/10364753.html
1,https://www.allbeauty.com/clinique-mens-antiperspirant-deodorant-roll-on-75ml-2-5-fl-oz/10364808.html
1,https://www.allbeauty.com/guinot-purifying-microbiotic-lotion-oily-skin-200ml-6-7-fl-oz/10364938.html
1,https://www.allbeauty.com/darphin-moisturisers-predermine-densifying-anti-wrinkle-creme-for-normal-skin-50ml/10365016.html
1,https://www.allbeauty.com/guinot-eyes-lips-and-neck-longue-vie-levres-balm-15ml-0-51-fl-oz/10365228.html
1,https://www.allbeauty.com/guinot-make-up-removal-cleansing-lotion-hydra-fraicheur-refreshing-toning-lotion-200ml-6-7-fl-oz/10365238.html
1,https://www.allbeauty.com/darphin-masks-exfoliators-age-defying-dermabrasion-50ml/10365303.html
1,https://www.allbeauty.com/elemis-advanced-skincare-sensitive-cleansing-wash-200ml-6-7-fl-oz/10365311.html
1,https://www.allbeauty.com/guinot-moisturising-masque-hydra-beaute-moisture-supplying-radiance-mask-50ml-1-7-fl-oz/10365415.html
1,https://www.allbeauty.com/elemis-advanced-skincare-papaya-enzyme-peel-50ml-1-6-fl-oz/10365474.html
1,https://www.allbeauty.com/guinot-exfoliators-gommage-biologic-exfoliating-gel-50ml-1-6-fl-oz/10365478.html
1,https://www.allbeauty.com/guinot-purifying-creme-pur-equilibre-pure-balance-cream-50ml-1-8-oz/10365568.html
1,https://www.allbeauty.com/elemis-pro-collagen-pro-collagen-marine-cream-anti-wrinkle-hydrating-day-cream-100ml-3-3-fl-oz/10365586.html
1,https://www.allbeauty.com/guinot-eyes-lips-and-neck-masque-anti-fatigue-yeux-30ml-1-05-fl-oz/10365590.html
1,https://www.allbeauty.com/guinot-firmness-liftosome-lifting-cream-all-skin-types-50ml-1-6-oz/10365596.html
1,https://www.allbeauty.com/eve-lom-cleanse-cleanser-all-skin-types-100ml/10365659.html
1,https://www.allbeauty.com/biotherm-homme-energizing-shower-gel-for-body-and-hair-200ml/10365676.html
1,https://www.allbeauty.com/tigi-bed-head-smoothing-frizz-control-and-shine-control-freak-anti-frizz-straightening-serum-250ml/10365742.html
1,https://www.allbeauty.com/eve-lom-rescue-mask-100ml/10365803.html
1,https://www.allbeauty.com/clinique-mens-post-shave-soother-75ml-2-5-fl-oz/10365864.html
1,https://www.allbeauty.com/biotherm-lait-corporel-anti-drying-body-milk-with-citrus-extracts-400ml/10365984.html
1,https://www.allbeauty.com/guinot-purifying-mousse-nettoyante-microbiotic-cleansing-foam-150ml-5-07-fl-oz/10366053.html
1,https://www.allbeauty.com/loccitane-almond-shower-oil-250ml/10366203.html
1,https://www.allbeauty.com/elemis-body-soothing-skin-nourishing-milk-bath-400ml-13-5-fl-oz/10366216.html
1,https://www.allbeauty.com/elemis-pro-collagen-eye-renewal-15ml-0-5-fl-oz/10366344.html
1,https://www.allbeauty.com/elemis-body-exotics-lime-and-ginger-salt-glow-490g-17-oz/10366373.html
1,https://www.allbeauty.com/clinique-mens-anti-age-eye-cream-15ml-0-5-fl-oz/10366374.html
1,https://www.allbeauty.com/clinique-cleansers-and-makeup-removers-anti-blemish-solutions-cleansing-foam-125ml-4-2-fl-oz/10366669.html
1,https://www.allbeauty.com/dermalogica-daily-skin-health-active-moist-100ml/10366732.html
1,https://www.allbeauty.com/eve-lom-cleanse-muslin-cloth-x-3-pack/10366747.html
1,https://www.allbeauty.com/acqua-di-parma-colonia-intensa-eau-de-cologne-natural-spray-50ml/10368255.html
1,https://www.allbeauty.com/acqua-di-parma-colonia-intensa-eau-de-cologne-natural-spray-100ml/10368257.html
1,https://www.allbeauty.com/acqua-di-parma-colonia-eau-de-cologne-natural-spray-180ml/10368475.html
1,https://www.allbeauty.com/kevin-murphy-wash-balancing-wash-strengthening-daily-shampoo-250ml/10368487.html
1,https://www.allbeauty.com/acqua-di-parma-colonia-essenza-eau-de-cologne-natural-spray-50ml/10374472.html
1,https://www.allbeauty.com/murad-cleansers-toners-blemish-control-clarifying-cleanser-200ml/10375510.html
1,https://www.allbeauty.com/philip-kingsley-treatments-elasticizer-deep-conditioning-treatment-500ml/10375609.html
1,https://www.allbeauty.com/philip-kingsley-shampoo-moisture-extreme-250ml/10375611.html
1,https://www.allbeauty.com/philip-kingsley-conditioner-moisture-extreme-200ml/10375612.html
1,https://www.allbeauty.com/moroccanoil-treatment-100ml/10387664.html
1,https://www.allbeauty.com/moroccanoil-treatment-light-100ml/10387667.html
1,https://www.allbeauty.com/moroccanoil-intense-curl-cream-300ml/10387669.html
1,https://www.allbeauty.com/moroccanoil-luminous-hairspray-medium-330ml/10406368.html
1,https://www.allbeauty.com/moroccanoil-intense-hydrating-mask-250ml/10406377.html
1,https://www.allbeauty.com/moroccanoil-intense-hydrating-mask-500ml/10406384.html
1,https://www.allbeauty.com/moroccanoil-moisture-repair-shampoo-250ml/10406410.html
1,https://www.allbeauty.com/moroccanoil-moisture-repair-conditioner-250ml/10406411.html
1,https://www.allbeauty.com/moroccanoil-glimmer-shine-spray-100ml/10420762.html
1,https://www.allbeauty.com/versace-woman-eau-de-parfum-spray-100ml/10427588.html
1,https://www.allbeauty.com/moschino-i-love-love-eau-de-toilette-spray-100ml/10427722.html
1,https://www.allbeauty.com/elemis-advanced-skincare-gentle-rose-exfoliator-50ml-1-6-fl-oz/10437938.html
1,https://www.allbeauty.com/elemis-advanced-skincare-herbal-lavender-repair-mask-75ml-2-5-fl-oz/10437947.html
1,https://www.allbeauty.com/elemis-body-performance-body-detox-skin-brush/10437955.html
1,https://www.allbeauty.com/loreal-professionnel-serie-expert-silver-shampoo-300ml/10444878.html
1,https://www.allbeauty.com/moroccanoil-treatment-25ml/10448780.html
1,https://www.allbeauty.com/omorovicza-budapest-gold-shimmer-oil-100ml/10448786.html
1,https://www.allbeauty.com/omorovicza-budapest-gold-flash-firming-serum-30ml/10448788.html
1,https://www.allbeauty.com/sarah-chapman-london-serum-treatment-skinesis-skin-tone-perfecting-booster-30ml/10448979.html
1,https://www.allbeauty.com/elemis-body-exotics-frangipani-monoi-body-oil-100ml-3-3-fl-oz/10451465.html
1,https://www.allbeauty.com/elemis-body-performance-instant-refreshing-gel-150ml-5-0-fl-oz/10451485.html
1,https://www.allbeauty.com/elemis-body-performance-musclease-active-relaxing-body-oil-100ml-3-3-fl-oz/10451486.html
1,https://www.allbeauty.com/elemis-body-performance-tea-tree-s-o-s-spray-60ml-2-0-fl-oz/10451488.html
1,https://www.allbeauty.com/elemis-body-soothing-de-stress-massage-oil-100ml-3-3-fl-oz/10451489.html
1,https://www.allbeauty.com/redkenscalp-relief-dandruff-control-shampoo-250ml/10451544.html
1,https://www.allbeauty.com/redken-extreme-conditioner-300ml/10451559.html
1,https://www.allbeauty.com/redkenall-soft-heavy-cream-250ml/10451604.html
1,https://www.allbeauty.com/redken-hairspray-quick-dry-hairspray-400ml/10451612.html
1,https://www.allbeauty.com/redken-styling-spray-wax-150ml/10451616.html
1,https://www.allbeauty.com/ren-clean-skincare-face-radiance-micro-polish-cleanser-150ml-5-1-fl-oz/10460866.html
1,https://www.allbeauty.com/tigi-bed-head-urban-antidotes-recovery-shampoo-supersize-750ml/10468942.html
1,https://www.allbeauty.com/tigi-bed-head-urban-antidotes-recovery-moisture-conditioner-750ml/10474798.html
1,https://www.allbeauty.com/jaguar-classic-black-eau-de-toilette-spray-100ml/10481057.html
1,https://www.allbeauty.com/stila-convertible-colour-dual-lip-cheek-cream-4-25g/10532184.html
1,https://www.allbeauty.com/stila-stay-all-day-waterproof-liquid-eye-liner-0-5g/10532202.html
1,https://www.allbeauty.com/amouage-honour-man-eau-de-parfum-spray-100ml/10535698.html
1,https://www.allbeauty.com/oskia-moisturisers-bedtime-beauty-boost-cream-50ml/10538949.html
1,https://www.allbeauty.com/oskia-facial-oils-and-serums-get-up-and-glow-serum-30ml/10538951.html
1,https://www.allbeauty.com/oskia-masks-and-exfoliators-nutri-active-brightening-and-refining-exfoliant-balm-50ml/10538952.html
1,https://www.allbeauty.com/oskia-moisturisers-nutri-active-day-cream-40ml/10538955.html
1,https://www.allbeauty.com/oskia-cleansers-nutri-active-cleansing-and-nourishing-balm-125ml/10538956.html
1,https://www.allbeauty.com/oskia-masks-and-exfoliators-renaissance-nutri-active-brightening-and-resurfacing-mask-50ml/10539055.html
1,https://www.allbeauty.com/oskia-bath-and-body-rose-de-mai-treatment-candle-200g/10539056.html
1,https://www.allbeauty.com/weleda-face-care-almond-sensitive-soothing-moisturiser-light-30ml/10540622.html
1,https://www.allbeauty.com/weleda-face-care-almond-sensitive-recovery-face-oil-50ml/10540623.html
1,https://www.allbeauty.com/weleda-body-care-birch-cellulite-oil-100ml/10540635.html
1,https://www.allbeauty.com/weleda-face-care-iris-regenerating-night-cream-30ml/10540645.html
1,https://www.allbeauty.com/weleda-body-care-skin-food-30ml/10540679.html
1,https://www.allbeauty.com/bumble-and-bumble-sunday-shampoo-250ml/10542099.html
1,https://www.allbeauty.com/thalgo-face-eveil-a-la-mer-resurfacing-cream-50ml/10544490.html
1,https://www.allbeauty.com/sebastian-professional-hydre-moisturizing-shampoo-250ml/10544709.html
1,https://www.allbeauty.com/sebastian-professional-penetraitt-strengthening-and-repair-conditioner-250ml/10544710.html
1,https://www.allbeauty.com/sebastian-professional-styling-potion-9-wearable-styling-treatment-50ml/10544747.html
1,https://www.allbeauty.com/sebastian-professional-styling-potion-9-wearable-styling-treatment-150ml/10544748.html
1,https://www.allbeauty.com/sebastian-professional-styling-craft-clay-50g/10544750.html
1,https://www.allbeauty.com/sebastian-professional-styling-matte-putty-75g/10544751.html
1,https://www.allbeauty.com/sebastian-professional-styling-re-shaper-400ml/10544757.html
1,https://www.allbeauty.com/sebastian-professional-styling-shaper-fierce-hairspray-400ml/10544758.html
1,https://www.allbeauty.com/sebastian-professional-styling-trilliant-thermal-protection-and-shimmer-complex-150ml/10544760.html
1,https://www.allbeauty.com/sebastian-professional-styling-shine-define-hairspray-200ml/10544761.html
1,https://www.allbeauty.com/sebastian-professional-penetraitt-deep-strengthening-and-repair-masque-500ml/10544767.html
1,https://www.allbeauty.com/hugo-boss-boss-bottled-eau-de-toilette-30ml/10545972.html
1,https://www.allbeauty.com/hugo-boss-boss-bottled-eau-de-toilette-100ml/10545973.html
1,https://www.allbeauty.com/hugo-boss-hugo-xy-eau-de-toilette-100ml/10545974.html
1,https://www.allbeauty.com/gentlemens-tonic-haircare-protein-conditioner-250ml/10546023.html
1,https://www.allbeauty.com/neals-yard-remedies-facial-moisturisers-purifying-palmarosa-daily-moisture-100ml/10546159.html
1,https://www.allbeauty.com/neals-yard-remedies-facial-moisturisers-nourishing-orange-flower-night-cream-50g/10546165.html
1,https://www.allbeauty.com/neals-yard-remedies-facial-cleansers-and-washes-eye-make-up-remover-100ml/10546226.html
1,https://www.allbeauty.com/issey-miyake-leau-dissey-eau-de-toilette-spray-50ml/10546257.html
1,https://www.allbeauty.com/issey-miyake-leau-dissey-pour-homme-eau-de-toilette-spray-75ml/10546258.html
1,https://www.allbeauty.com/loccitane-loccitan-aftershave-balm-75ml/10546316.html
1,https://www.allbeauty.com/juicy-couture-couture-couture-eau-de-parfum-spray-50ml/10546576.html
1,https://www.allbeauty.com/montblanc-starwalker-eau-de-toilette-spray-50ml/10546650.html
1,https://www.allbeauty.com/montblanc-legend-eau-de-toilette-spray-100ml/10546653.html
1,https://www.allbeauty.com/skin-doctors-face-skinactive14-regenerating-night-cream-50ml/10547236.html
1,https://www.allbeauty.com/guinot-moisturising-hydra-cellulaire-serum-cell-moisturising-serum-dehydrated-skin-30ml-0-88-fl-oz/10547327.html
1,https://www.allbeauty.com/paul-mitchell-smoothing-super-skinny-serum-150ml/10547545.html
1,https://www.allbeauty.com/paul-mitchell-extra-body-thicken-up-200ml/10547554.html
1,https://www.allbeauty.com/paul-mitchell-extra-body-firm-finishing-spray-300ml/10547560.html
1,https://www.allbeauty.com/paul-mitchell-flexible-style-hair-sculpting-lotion-500ml/10547562.html
1,https://www.allbeauty.com/paul-mitchell-flexible-style-esp-elastic-shaping-paste-50g/10547568.html
1,https://www.allbeauty.com/paul-mitchell-tea-tree-special-conditioner-300ml/10547574.html
1,https://www.allbeauty.com/paul-mitchell-accessories-styling-brush-407/10547607.html
1,https://www.allbeauty.com/paul-mitchell-express-style-hot-off-the-press-thermal-protection-hairspray-200ml/10547609.html
1,https://www.allbeauty.com/paul-mitchell-soft-style-fast-form-cream-gel-200ml/10547610.html
1,https://www.allbeauty.com/elizabeth-arden-moisturisers-eight-hour-cream-intensive-daily-moisturizer-for-face-spf15-sunscreen-pa-50ml-1-7-fl-oz/10547802.html
1,https://www.allbeauty.com/elizabeth-arden-cleansers-toners-ceramide-purifying-cream-cleanser-125ml-4-2-fl-oz/10547816.html
1,https://www.allbeauty.com/elizabeth-arden-5th-avenue-eau-de-parfum-spray-125ml-4-2-fl-oz/10547873.html
1,https://www.allbeauty.com/elizabeth-arden-5th-avenue-eau-de-parfum-spray-75ml-2-5-fl-oz/10547874.html
1,https://www.allbeauty.com/elizabeth-arden-mediterranean-eau-de-parfum-spray-100ml-3-3-fl-oz/10547878.html
1,https://www.allbeauty.com/elizabeth-arden-provocative-woman-eau-de-parfum-spray-100ml-3-3-fl-oz/10547881.html
1,https://www.allbeauty.com/elizabeth-arden-green-tea-eau-parfumee-scent-spray-50ml-1-7-fl-oz/10547886.html
1,https://www.allbeauty.com/elizabeth-arden-green-tea-honey-drops-body-cream-500ml-16-9-fl-oz/10547913.html
1,https://www.allbeauty.com/elizabeth-arden-green-tea-body-lotion-500ml-16-8-fl-oz/10547914.html
1,https://www.allbeauty.com/elizabeth-arden-green-tea-lavender-eau-de-toilette-spray-100ml-3-3-fl-oz/10547945.html
1,https://www.allbeauty.com/elizabeth-arden-green-tea-bath-and-shower-gel-500ml-16-8-fl-oz/10547946.html
1,https://www.allbeauty.com/elizabeth-arden-environmental-defense-eight-hour-targeted-sun-defense-stick-spf50-6-8g-0-24-oz/10547991.html
1,https://www.allbeauty.com/philip-kingsley-shampoo-body-building-weightless-1000ml-value-76/10548046.html
1,https://www.allbeauty.com/philip-kingsley-brushes-vented-paddle-brush/10548053.html
1,https://www.allbeauty.com/philip-kingsley-brushes-vented-grooming-brush/10548054.html
1,https://www.allbeauty.com/salvatore-ferragamo-f-by-ferragamo-pour-homme-black-eau-de-toilette-spray-50ml/10548314.html
1,https://www.allbeauty.com/lanza-healing-style-mega-gel-200ml/10548646.html
1,https://www.allbeauty.com/lanza-healing-style-molding-paste-175ml/10548647.html
1,https://www.allbeauty.com/clarins-extra-firming-lip-contour-balm-15ml-0-5-oz/10551546.html
1,https://www.allbeauty.com/clarins-instant-smooth-perfecting-touch-15ml-0-5-oz/10552029.html
1,https://www.allbeauty.com/benefit-theyre-real-lengthening-mascara-jet-black-8-5g/10552547.html
1,https://www.allbeauty.com/benefit-tinted-lip-cheek-stain-benetint-rose-10ml/10552562.html
1,https://www.allbeauty.com/benefit-face-the-porefessional-face-primer-22ml/10552666.html
1,https://www.allbeauty.com/clarins-body-moisturisers-energizing-emulsion-for-tired-legs-125ml-4-4-oz/10553073.html
1,https://www.allbeauty.com/clarins-eau-dynamisante-treatment-fragrance-vitality-freshness-firmness-natural-splash-200ml-6-7-fl-oz/10553084.html
1,https://www.allbeauty.com/clarins-eau-dynamisante-deodorant-100ml-3-4-fl-oz/10553085.html
1,https://www.allbeauty.com/elizabeth-arden-night-treatments-good-nights-sleep-restoring-cream-50ml-1-7-fl-oz/10553155.html
1,https://www.allbeauty.com/elizabeth-arden-cleansers-toners-all-gone-eye-and-lip-makeup-remover-100ml-3-4-fl-oz/10553160.html
1,https://www.allbeauty.com/elizabeth-arden-green-tea-eau-parfumee-scent-spray-100ml-3-3-fl-oz/10553164.html
1,https://www.allbeauty.com/clarins-waterproof-eye-pencil-01-black-1-2g-0-04-oz/10553718.html
1,https://www.allbeauty.com/murad-cleansers-toners-age-reform-aha-bha-exfoliating-cleanser-200ml/10554283.html
1,https://www.allbeauty.com/murad-spf-environmental-shield-essential-c-day-moisture-broad-spectrum-spf30-50ml/10554293.html
1,https://www.allbeauty.com/mavala-nail-care-correcteur-pen-4-5ml/10554796.html
1,https://www.allbeauty.com/guinot-make-up-removal-cleansing-hydra-tendre-cleansing-cream-150ml-4-4-oz/10554873.html
1,https://www.allbeauty.com/guinot-nourishing-masque-essentiel-nutrition-confort-mask-50ml-1-7-fl-oz/10554875.html
1,https://www.allbeauty.com/guinot-nourishing-hydrazone-dehydrated-skin-50ml-1-6-fl-oz/10554877.html
1,https://www.allbeauty.com/guinot-eyes-lips-and-neck-creme-age-logic-eye-cream-15ml-0-44-fl-oz/10554892.html
1,https://www.allbeauty.com/guinot-tres-homme-creme-longue-vie-cream-men-care-50ml-1-7-fl-oz/10554893.html
1,https://www.allbeauty.com/guinot-softening-body-care-lait-hydrazone-corps-lotion-200ml-5-9-oz/10554896.html
1,https://www.allbeauty.com/guinot-youth-firmness-body-care-longue-vie-corps-body-youth-care-200ml-5-9-oz/10554901.html
1,https://www.allbeauty.com/guinot-soothing-creme-protection-reparatrice-face-cream-50ml-1-7-fl-oz/10554912.html
1,https://www.allbeauty.com/guinot-nourishing-serum-nutri-cellulaire-face-serum-30ml-1-05-oz/10554913.html
1,https://www.allbeauty.com/guinot-firmness-serum-liftosome-serum-30ml-0-88-oz/10554921.html
1,https://www.allbeauty.com/lanza-healing-style-thermal-defense-spray-200ml/10555264.html
1,https://www.allbeauty.com/lanza-healing-volume-root-effect-foam-200g/10555273.html
1,https://www.allbeauty.com/lanza-healing-volume-final-effects-spray-350ml/10555274.html
1,https://www.allbeauty.com/lanza-healing-colorcare-color-preserving-shampoo-300ml/10555275.html
1,https://www.allbeauty.com/lanza-healing-colorcare-color-preserving-conditioner-250ml/10555277.html
1,https://www.allbeauty.com/lanza-healing-strength-white-tea-shampoo-300ml/10555280.html
1,https://www.allbeauty.com/lanza-healing-moisture-tamanu-cream-shampoo-300ml/10555284.html
1,https://www.allbeauty.com/lanza-healing-moisture-moi-moi-hair-masque-200ml/10555287.html
1,https://www.allbeauty.com/lanza-healing-style-taffy-hair-styling-cream-75ml/10555289.html
1,https://www.allbeauty.com/lanza-healing-style-texture-cream-125ml/10555290.html
1,https://www.allbeauty.com/lanza-healing-volume-thickening-treatment-spray-100ml/10555299.html
1,https://www.allbeauty.com/lanza-healing-volume-thickening-conditioner-250ml/10555303.html
1,https://www.allbeauty.com/lanza-healing-volume-zero-weight-gel-200ml/10555305.html
1,https://www.allbeauty.com/lanza-healing-smooth-glossifying-shampoo-300ml/10555318.html
1,https://www.allbeauty.com/lanza-healing-smooth-glossifying-conditioner-250ml/10555319.html
1,https://www.allbeauty.com/bain-force-architecte-strengthening-shampoo-250ml/10555451.html
1,https://www.allbeauty.com/milk-shake-volume-solution-conditioner-300ml/10556234.html
1,https://www.allbeauty.com/milk-shake-argan-glistening-argan-oil-50ml/10556246.html
1,https://www.allbeauty.com/moroccanoil-ceramic-round-brush-35mm/10556715.html
1,https://www.allbeauty.com/moroccanoil-ceramic-round-brush-55m/10556716.html
1,https://www.allbeauty.com/moroccanoil-treatment-light-25ml/10556718.html
1,https://www.allbeauty.com/macadamia-natural-oil-care-treatment-deep-repair-masque-for-dry-and-damaged-hair-470ml/10556775.html
1,https://www.allbeauty.com/macadamia-natural-oil-care-treatment-moisturizing-rinse-for-all-hair-types-300ml/10556779.html
1,https://www.allbeauty.com/skin-doctors-face-anti-aging-relaxaderm-advance-30ml/10557019.html
1,https://www.allbeauty.com/jimmy-choo-jimmy-choo-eau-de-parfum-spray-40ml/10557468.html
1,https://www.allbeauty.com/jimmy-choo-jimmy-choo-eau-de-parfum-spray-100ml/10557470.html
1,https://www.allbeauty.com/dermalogica-age-smart-super-rich-repair-50ml/10557959.html
1,https://www.allbeauty.com/dermalogica-ultracalming-cleanser-250ml/10557980.html
1,https://www.allbeauty.com/philip-kingsley-treatments-flaky-itchy-scalp-toner-250ml/10560312.html
1,https://www.allbeauty.com/lancome-tresor-eau-de-parfum-spray-30ml/10560318.html
1,https://www.allbeauty.com/hugo-boss-boss-woman-eau-de-toilette-30ml/10560373.html
1,https://www.allbeauty.com/lancome-miracle-eau-de-parfum-spray-50ml/10560379.html
1,https://www.allbeauty.com/masque-force-architecte-strengthening-masque-200ml/10563907.html
1,https://www.allbeauty.com/redken-all-soft-argan-6-oil-111ml/10564166.html
1,https://www.allbeauty.com/moroccanoil-extra-volume-conditioner-250ml/10564768.html
1,https://www.allbeauty.com/moroccanoil-extra-volume-shampoo-250ml/10564769.html
1,https://www.allbeauty.com/paul-mitchell-moisture-awapuhi-moisture-mist-500ml/10567977.html
1,https://www.allbeauty.com/paul-mitchell-firm-style-freeze-and-shine-super-spray-250ml/10567986.html
1,https://www.allbeauty.com/paul-mitchell-original-shampoo-one-300ml/10567988.html
1,https://www.allbeauty.com/bumble-and-bumble-super-rich-conditioner-250ml/10568012.html
1,https://www.allbeauty.com/tigi-bed-head-dumb-blonde-shampoo-for-damaged-blonde-hair-750ml/10568145.html
1,https://www.allbeauty.com/paul-mitchell-kids-baby-dont-cry-shampoo-salon-size-1000ml/10568183.html
1,https://www.allbeauty.com/paul-mitchell-color-protect-conditioner-supersize-1000ml/10568186.html
1,https://www.allbeauty.com/paul-mitchell-extra-body-daily-body-boost-500ml/10568192.html
1,https://www.allbeauty.com/paul-mitchell-extra-body-sculpting-foam-500ml/10568194.html
1,https://www.allbeauty.com/paul-mitchell-original-the-conditioner-supersize-1000ml/10568211.html
1,https://www.allbeauty.com/paul-mitchell-strength-super-strong-daily-shampoo-salon-size-1000ml/10568220.html
1,https://www.allbeauty.com/elizabeth-arden-prevage-eye-ultra-protection-anti-aging-moisturiser-spf15-pa-15ml-0-5-fl-oz/10568425.html
1,https://www.allbeauty.com/paul-mitchell-color-protect-daily-shampoo-500ml/10568883.html
1,https://www.allbeauty.com/paul-mitchell-strength-super-strong-liquid-treatment-250ml/10568884.html
1,https://www.allbeauty.com/paul-mitchell-instant-moisture-shampoo-500ml/10568886.html
1,https://www.allbeauty.com/paul-mitchell-color-protect-daily-conditioner-500ml/10568887.html
1,https://www.allbeauty.com/ultrasun-sports-formula-transparent-sun-protection-spf20-200ml/10570202.html
1,https://www.allbeauty.com/ultrasun-sports-formula-spray-spf30-150ml/10570204.html
1,https://www.allbeauty.com/ultrasun-sun-protection-family-spf30-100ml/10570205.html
1,https://www.allbeauty.com/ultrasun-sun-protection-family-spf30-150ml/10570206.html
1,https://www.allbeauty.com/ultrasun-sun-protection-extreme-very-high-sun-protection-for-sensitive-skin-spf50-100ml/10570208.html
1,https://www.allbeauty.com/versace-pour-homme-hair-and-body-shampoo-250ml/10575018.html
1,https://www.allbeauty.com/jimmy-choo-jimmy-choo-eau-de-toilette-spray-60ml/10579287.html
1,https://www.allbeauty.com/jimmy-choo-jimmy-choo-eau-de-toilette-spray-100ml/10579288.html
1,https://www.allbeauty.com/acqua-di-parma-colonia-intensa-eau-de-cologne-natural-spray-180ml/10581100.html
1,https://www.allbeauty.com/elizabeth-arden-moisturisers-ceramide-premiere-intense-moisture-and-renewal-activation-cream-spf30-50ml-1-7-fl-oz/10584344.html
1,https://www.allbeauty.com/elizabeth-arden-night-treatments-ceramide-premiere-intense-moisture-and-renewal-overnight-regeneration-cream-50ml-1-7-fl-oz/10584345.html
1,https://www.allbeauty.com/neals-yard-remedies-facial-toners-and-mists-purifying-palmarosa-toner-200ml/10594597.html
1,https://www.allbeauty.com/versace-yellow-diamond-eau-de-toilette-spray-30ml/10597224.html
1,https://www.allbeauty.com/versace-yellow-diamond-eau-de-toilette-spray-90ml/10597226.html
1,https://www.allbeauty.com/versace-yellow-diamond-perfumed-shower-gel-200ml/10597227.html
1,https://www.allbeauty.com/versace-yellow-diamond-perfumed-body-lotion-200ml/10597228.html
1,https://www.allbeauty.com/moroccanoil-curl-control-mousse-150ml/10614285.html
1,https://www.allbeauty.com/philip-kingsley-protection-daily-damage-defence-spray-250ml/10620690.html
1,https://www.allbeauty.com/amouage-lyric-man-eau-de-parfum-spray-100ml/10622810.html
1,https://www.allbeauty.com/elizabeth-arden-cleansers-toners-visible-difference-skin-balancing-exfoliating-cleanser-125ml-4-2-fl-oz/10626202.html
1,https://www.allbeauty.com/elizabeth-arden-eye-care-visible-difference-moisturizing-eye-cream-15ml-0-5-fl-oz/10626210.html
1,https://www.allbeauty.com/ultrasun-sports-formula-spray-spf50-150ml/10629689.html
1,https://www.allbeauty.com/dr-hauschka-face-care-renewing-night-conditioner-x-30-ampules/10643152.html
1,https://www.allbeauty.com/rabanne-1-million-eau-de-toilette-100ml/10643789.html
1,https://www.allbeauty.com/rabanne-lady-million-eau-de-parfum-50ml/10643790.html
1,https://www.allbeauty.com/armani-acqua-di-gioia-eau-de-parfum-spray-50ml/10643796.html
1,https://www.allbeauty.com/diesel-loverdose-eau-de-parfum-spray-50ml/10643805.html
1,https://www.allbeauty.com/givenchy-amarige-eau-de-toilette-spray-30ml/10643811.html
1,https://www.allbeauty.com/moroccanoil-hydrating-mask-light-250ml/10645743.html
1,https://www.allbeauty.com/jimmy-choo-flash-eau-de-parfum-60ml/10662661.html
1,https://www.allbeauty.com/paul-mitchell-blonde-forever-blonde-shampoo-250ml/10662964.html
1,https://www.allbeauty.com/philip-kingsley-treatments-elasticizer-extreme-75ml-tbc-check-packaging/10664343.html
1,https://www.allbeauty.com/elizabeth-arden-prevage-anti-aging-intensive-repair-daily-serum-30ml-1-fl-oz/10664989.html
1,https://www.allbeauty.com/elizabeth-arden-lip-care-eight-hour-intensive-repair-lip-balm-11-6ml-0-35-fl-oz/10727507.html
1,https://www.allbeauty.com/elizabeth-arden-lip-care-eight-hour-nourishing-lip-balm-spf20-14-8ml-0-5-fl-oz/10727508.html
1,https://www.allbeauty.com/nanogen-keratin-thickening-hair-fibres-1-month-dark-brown-15g/10728027.html
1,https://www.allbeauty.com/nanogen-keratin-thickening-hair-fibres-2-month-dark-brown-30g/10728028.html
1,https://www.allbeauty.com/nanogen-keratin-thickening-hair-fibres-1-month-dark-blonde-15g/10728037.html
1,https://www.allbeauty.com/nanogen-keratin-thickening-hair-fibres-2-month-dark-blonde-30g/10728038.html
1,https://www.allbeauty.com/nanogen-keratin-thickening-hair-fibres-2-month-light-blonde-30g/10728040.html
1,https://www.allbeauty.com/nanogen-keratin-thickening-hair-fibres-1-month-grey-15g/10728041.html
1,https://www.allbeauty.com/nanogen-keratin-thickening-hair-fibres-2-month-grey-30g/10728042.html
1,https://www.allbeauty.com/juicy-couture-couture-la-la-eau-de-parfum-spray-100ml/10728051.html
1,https://www.allbeauty.com/paul-mitchell-tea-tree-lemon-sage-thickening-conditioner-salon-size-1000ml/10728867.html
1,https://www.allbeauty.com/paul-mitchell-firm-style-super-clean-sculpting-gel-500ml/10728875.html
1,https://www.allbeauty.com/paul-mitchell-extra-body-sculpting-gel-500ml/10728878.html
1,https://www.allbeauty.com/paul-mitchell-tea-tree-lavender-mint-moisturizing-shampoo-salon-size-1000ml/10728892.html
1,https://www.allbeauty.com/elizabeth-arden-prevage-anti-aging-overnight-cream-50ml-1-7-fl-oz/10780584.html
1,https://www.allbeauty.com/philip-kingsley-treatments-elasticizer-deep-conditioning-1000ml-value-200/10780664.html
1,https://www.allbeauty.com/philip-kingsley-treatments-flaky-itchy-anti-dandruff-scalp-toner-75ml/10780665.html
1,https://www.allbeauty.com/philip-kingsley-shampoo-pure-blonde-silver-brightening-daily-1000ml/10780668.html
1,https://www.allbeauty.com/philip-kingsley-conditioner-pure-blonde-silver-daily-1000ml/10780669.html
1,https://www.allbeauty.com/guinot-make-up-removal-cleansing-eau-demaquillante-micellaire-instant-cleansing-water-200ml-6-7-fl-oz/10794975.html
1,https://www.allbeauty.com/111skin-reparative-repair-night-cream-nac-y-50ml/10798274.html
1,https://www.allbeauty.com/elemis-pro-radiance-illuminating-flash-balm-50ml-1-6-fl-oz/10798595.html
1,https://www.allbeauty.com/elizabeth-arden-flawless-finish-sponge-on-cream-makeup-23g/10801127.html
1,https://www.allbeauty.com/lanza-keratin-healing-oil-lustrous-conditioner-250ml/10801130.html
1,https://www.allbeauty.com/lanza-keratin-healing-oil-hair-treatment-185ml/10801131.html
1,https://www.allbeauty.com/lanza-healing-volume-thickening-shampoo-1000ml/10801132.html
1,https://www.allbeauty.com/lanza-healing-volume-thickening-conditioner-1000ml/10801133.html
1,https://www.allbeauty.com/lanza-healing-moisture-kukui-nut-conditioner-1000ml/10801142.html
1,https://www.allbeauty.com/lanza-healing-moisture-tamanu-cream-shampoo-1000ml/10801143.html
1,https://www.allbeauty.com/lanza-healing-colorcare-color-preserving-shampoo-1000ml/10801146.html
1,https://www.allbeauty.com/lanza-healing-colorcare-silver-brightening-shampoo-300ml/10801147.html
1,https://www.allbeauty.com/lanza-healing-style-design-foam-200ml/10801152.html
1,https://www.allbeauty.com/lanza-healing-style-sculpt-dry-clay-100ml/10801155.html
1,https://www.allbeauty.com/kerastase-couture-styling-mousse-bouffante-luxious-volumising-mousse-strong-hold-150ml/10802598.html
1,https://www.allbeauty.com/kerastase-couture-styling-laque-couture-fixation-medium-hold-hairspray-300ml/10802603.html
1,https://www.allbeauty.com/macadamia-natural-oil-care-treatment-moisturizing-rinse-for-all-hair-types-1000ml/10803763.html
1,https://www.allbeauty.com/show-beauty-lux-volume-mousse-165g/10808137.html
1,https://www.allbeauty.com/show-beauty-premiere-finishing-spray-265g/10808141.html
1,https://www.allbeauty.com/show-beauty-premiere-working-texture-spray-225g/10808142.html
1,https://www.allbeauty.com/paul-mitchell-mitch-double-hitter-2-in-1-shampoo-and-conditioner-salon-size-1000ml/10814172.html
1,https://www.allbeauty.com/paul-mitchell-mitch-steady-grip-150ml/10814178.html
1,https://www.allbeauty.com/sebastian-professional-penetraitt-strengthening-and-repair-shampoo-1000ml/10824070.html
1,https://www.allbeauty.com/sebastian-professional-hydre-moisturizing-shampoo-1000ml/10824071.html
1,https://www.allbeauty.com/sebastian-professional-styling-potion-9-wearable-styling-treatment-500ml/10824074.html
1,https://www.allbeauty.com/sebastian-professional-volupt-volume-boosting-shampoo-1000ml/10824075.html
1,https://www.allbeauty.com/sebastian-professional-volupt-volume-boosting-conditioner-1000ml/10824076.html
1,https://www.allbeauty.com/sebastian-professional-trilliance-shampoo-1000ml/10824077.html
1,https://www.allbeauty.com/sebastian-professional-trilliance-conditioner-1000ml/10824078.html
1,https://www.allbeauty.com/philip-kingsley-shampoo-one-more-day-refreshing-dry-200ml/10827147.html
1,https://www.allbeauty.com/elizabeth-arden-green-tea-summer-eau-de-toilette-spray-100ml-3-3-fl-oz/10827212.html
1,https://www.allbeauty.com/sebastian-professional-styling-texture-maker-150ml/10827353.html
1,https://www.allbeauty.com/loreal-professionnel-serie-expert-liss-unlimited-shampoo-300ml/10832424.html
1,https://www.allbeauty.com/loreal-professionnel-serie-expert-liss-unlimited-professional-mask-250ml/10832425.html
1,https://www.allbeauty.com/omorovicza-budapest-gold-night-drops-30ml/10839172.html
1,https://www.allbeauty.com/kerastase-volumifique-bain-volume-thickening-effect-shampoo-for-fine-hair-250ml/10839248.html
1,https://www.allbeauty.com/moroccanoil-hydrating-shampoo-250ml/10850038.html
1,https://www.allbeauty.com/moroccanoil-hydrating-conditioner-250ml/10850039.html
1,https://www.allbeauty.com/tigi-catwalk-oatmeal-honey-shampoo-750ml/10861415.html
1,https://www.allbeauty.com/tigi-catwalk-oatmeal-honey-conditioner-750ml/10861416.html
1,https://www.allbeauty.com/elizabeth-arden-prevage-anti-ageing-treatment-boosting-cleanser-125ml-4-2-fl-oz/10867996.html
1,https://www.allbeauty.com/babyliss-pro-stylers-ionic-airstyler-50mm/10870446.html
1,https://www.allbeauty.com/jane-iredale-active-light-under-eye-concealer-2g-various-shades/10872764.html
1,https://www.allbeauty.com/ren-clean-skincare-face-clearcalm-3-replenishing-gel-cream-for-blemish-prone-skin-50ml-1-7-fl-oz/10872943.html
1,https://www.allbeauty.com/moroccanoil-molding-cream-100ml/10877649.html
1,https://www.allbeauty.com/jane-iredale-longest-lash-mascara-12g/10877650.html
1,https://www.allbeauty.com/jane-iredale-smooth-affair-face-primer-50ml/10877675.html
1,https://www.allbeauty.com/moroccanoil-luminous-hairspray-strong-330ml/10878523.html
1,https://www.allbeauty.com/katy-perry-killer-queen-eau-de-parfum-spray-50ml/10881610.html
1,https://www.allbeauty.com/molton-brown-lime-patchouli-fine-liquid-hand-wash-300ml/10881853.html
1,https://www.allbeauty.com/molton-brown-refined-white-mulberry-fine-liquid-hand-wash-300ml/10881855.html
1,https://www.allbeauty.com/molton-brown-orange-bergamot-body-lotion-300ml/10883583.html
1,https://www.allbeauty.com/braun-silk-epil-silk-epil-3in1-trimmer-fg-1100-with-4-extras-including-high-precision-head/10885522.html
1,https://www.allbeauty.com/tigi-bed-head-urban-antidotes-re-energize-tween-set-shampoo-750ml-conditioner-750ml/10891802.html
1,https://www.allbeauty.com/philip-kingsley-brushes-vented-radial-brush/10895341.html
1,https://www.allbeauty.com/philip-kingsley-treatments-elasticizer-75ml/10895343.html
1,https://www.allbeauty.com/loreal-professionnel-tecni-art-web-150ml/10897279.html
1,https://www.allbeauty.com/loreal-professionnel-tecni-art-liss-control-150ml/10897284.html
1,https://www.allbeauty.com/biolage-hydrasource-hydrating-shampoo-for-dry-hair-250ml/10901633.html
1,https://www.allbeauty.com/biolage-colorlast-shampoo-for-coloured-hair-250ml/10901641.html
1,https://www.allbeauty.com/biolage-colorlast-conditioner-for-coloured-hair-200ml/10901644.html
1,https://www.allbeauty.com/redken-styling-matte-clay-75ml/10901664.html
